1,Thu Jan 21 15:07:41 2021
1,Thu Jan 21 15:07:48 2021
2,Thu Jan 21 15:07:50 2021
2,Thu Jan 21 15:07:51 2021
4,Thu Jan 21 15:07:53 2021
1,Thu Jan 21 15:07:55 2021
324,Thu Jan 21 15:07:57 2021
124,Thu Jan 21 15:08:36 2021
124,Thu Jan 21 15:09:05 2021
14,Thu Jan 21 15:09:06 2021
14,Thu Jan 21 15:09:21 2021
1,Thu Jan 21 15:09:22 2021
4,Thu Jan 21 15:09:24 2021
6,Thu Jan 21 15:11:01 2021
6,Thu Jan 21 15:16:11 2021
1,Thu Jan 21 15:16:12 2021
-2,Thu Jan 21 15:16:21 2021
-2,Thu Jan 21 15:24:22 2021
-2,Thu Jan 21 15:26:12 2021
14,Thu Jan 21 15:26:14 2021
